Price,Close,High,Low,Open,Volume
Ticker,HMC.AX,HMC.AX,HMC.AX,HMC.AX,HMC.AX
Date,,,,,
2021-12-30,7.523244380950928,7.76592899440276,7.420569265486365,7.76592899440276,152884
2021-12-31,7.420569896697998,7.625919254930297,7.3365637456777,7.439237979711643,72002
2022-01-04,7.64458703994751,7.653921304175032,7.3832338727279145,7.420570039473571,182080
2022-01-05,7.439237594604492,7.69125692478351,7.215220610037447,7.644586497124284,165396
2022-01-06,7.2992262840271,7.383232420136186,7.1592154637357845,7.355230523127199,207324
2022-01-07,7.4672393798828125,7.6912563476398645,7.383232794432843,7.457905117018527,122255
2022-01-10,7.383233547210693,7.579248636524445,7.28989313446181,7.541912471424893,224079
2022-01-11,7.112545490264893,7.4299033102513885,7.093877409388167,7.24322250148413,218198
2022-01-12,7.2152204513549805,7.2152204513549805,6.953866863359125,7.121880043171523,135080
2022-01-13,7.009871482849121,7.224554196970801,6.9538667934201435,7.224554196970801,93835
2022-01-14,7.047207832336426,7.075209732710153,6.832524667448395,6.879194649765334,115168
2022-01-17,6.972535133361816,7.0378736433964715,6.869860904127313,6.869860904127313,79262
2022-01-18,7.131213188171387,7.131213188171387,6.972534286699732,6.972534286699732,84893
2022-01-19,7.019205570220947,7.093877898880396,6.935198977937975,7.000537488056085,90429
2022-01-20,6.972535133361816,7.075209807678507,6.813856657704259,7.000537479114437,158445
2022-01-21,6.888529300689697,6.9445335496690195,6.832525051710376,6.9445335496690195,189253
2022-01-24,6.6271748542785645,6.785853762162152,6.580504875248312,6.673845278390967,196478
2022-01-25,6.45916223526001,6.627174963690612,6.197808657063583,6.627174963690612,480781
2022-01-27,5.97379207611084,6.524500722265218,5.7404408266149645,6.459162657258973,495353
2022-01-28,6.253812313079834,6.253812313079834,5.759107992133323,6.020461100724884,539104
2022-01-31,6.0858001708984375,6.431159890738173,6.02046166508464,6.141804413703625,501518
2022-02-01,6.113802909851074,6.244479484839443,6.067132481956992,6.095134827709878,224906
2022-02-02,6.113802909851074,6.347154159157112,6.0111282355334055,6.347154159157112,266599
2022-02-03,6.0858001708984375,6.1044682518335005,5.861783199677687,5.955123604353,223478
2022-02-04,6.067131996154785,6.188474742897597,5.992459673569101,6.095134339665492,144333
2022-02-07,6.057798862457275,6.085801211187588,5.787111420087266,6.085801211187588,262230
2022-02-08,6.067131996154785,6.197808560679732,5.97379159292268,6.197808560679732,179202
2022-02-09,5.880451202392578,6.085800089946771,5.824446515250192,5.983125423628598,398701
2022-02-10,6.160472869873047,6.272481362305859,5.880451638791018,5.880451638791018,511322
2022-02-11,5.917788028717041,6.09513503770975,5.82444716971294,6.09513503770975,274258
2022-02-14,5.787110805511475,5.936455907742699,5.731106559080585,5.8151131512680125,116728
2022-02-15,5.675102233886719,5.787110725193966,5.479087151557945,5.787110725193966,237586
2022-02-16,5.983126163482666,6.076467023540771,5.749774903501817,5.880451929550281,461237
2022-02-17,6.0111284255981445,6.0717998057459335,5.861783763746479,5.945789913496941,375149
2022-02-18,5.97379207611084,5.97379207611084,5.6284323336766695,5.712438480839298,166813
2022-02-21,5.871117115020752,6.1884749412647375,5.675102039409133,5.787110526878011,236587
2022-02-22,5.731106281280518,5.852449031873438,5.563093550131818,5.852449031873438,395669
2022-02-23,5.731106281280518,5.78711052499675,5.516423124493874,5.6564339563255395,230209
2022-02-24,5.64709997177124,5.7404403752132955,5.572427203935445,5.65643378957437,531246
2022-02-25,6.020461559295654,6.375155535911468,5.563093361882222,5.693769926131467,368892
2022-02-28,5.927121162414551,6.06713198965376,5.71243801266967,5.927121162414551,448738
2022-03-01,6.285199165344238,6.48308403031968,6.021352528934381,6.12500661280909,942674
2022-03-02,6.238083362579346,6.322891287684122,5.931833220877555,6.219237206925817,375284
2022-03-03,6.29462194442749,6.483083953730324,6.181545008442471,6.483083953730324,291529
2022-03-04,6.238083362579346,6.3511602965005185,6.087314117351116,6.19096819810942,211587
2022-03-07,6.445391654968262,6.737507298193201,6.332314269423283,6.3511604254594785,1491267
2022-03-08,6.3323140144348145,6.737507026888494,6.322891161460055,6.558468327090228,658311
2022-03-09,6.407699108123779,6.464237574160851,6.266352718367208,6.275775571376159,530378
2022-03-10,6.285199165344238,6.520776342759972,5.842313820179085,6.4925068837658495,1285934
2022-03-11,6.313467502593994,6.379429267003146,5.79519803707441,5.79519803707441,595622
2022-03-14,6.2003912925720215,6.294622074506831,6.153276126268523,6.2663530645902945,258666
2022-03-15,6.153275966644287,6.266352902032691,6.134429810746219,6.153275966644287,420149
2022-03-16,6.059044361114502,6.162698436773241,6.030775353688883,6.134429429347622,421676
2022-03-17,6.021352767944336,6.106160698965242,5.955391443219476,6.0684683850288,875301
2022-03-18,6.492506980895996,6.492506980895996,6.0025064625138045,6.143852860943397,11986969
2022-03-21,6.511353015899658,6.586737640501386,6.398276078997066,6.558468630939641,1461805
2022-03-22,6.5396223068237305,6.615006929489259,6.407699217159055,6.483083839824584,686521
2022-03-23,6.850584030151367,6.897699643500946,6.567891248709475,6.633853017533327,754475
2022-03-24,6.765775680541992,6.860006901317572,6.671544909094174,6.831737445219345,659762
2022-03-25,6.728084087371826,6.954238412221736,6.728084087371826,6.954238412221736,301565
2022-03-28,6.558468818664551,6.860007775030304,6.549045515655706,6.822315012322743,316339
2022-03-29,6.520776271820068,6.671545519941012,6.50193011580495,6.58673759320908,391748
2022-03-30,6.558468818664551,6.7186613751923625,6.5301993589658345,6.6432767484328785,292427
2022-03-31,6.501929759979248,6.624429992037449,6.2286602880511275,6.360583372937308,621576
2022-04-01,6.313467502593994,6.539621802476971,6.294621348381059,6.388852568773492,548380
2022-04-04,6.690391540527344,6.699814843008055,6.313467978526973,6.313467978526973,533505
2022-04-05,6.567891597747803,6.728084152456156,6.567891597747803,6.690391839504522,184989
2022-04-06,6.690391540527344,6.728083851794602,6.417122059175829,6.417122059175829,358816
2022-04-07,6.746930122375488,6.812891892880875,6.652699342601937,6.737507269062033,494662
2022-04-08,6.869429588317871,6.897699043735102,6.765775517558358,6.775198819140018,398598
2022-04-11,6.878853797912598,6.954238423205698,6.671545629028761,6.671545629028761,276440
2022-04-12,6.803468227386475,6.907122304273042,6.775199219625996,6.878853296512563,301070
2022-04-13,6.860007286071777,6.925968605120913,6.596160661891877,6.596160661891877,222934
2022-04-14,6.973084449768066,7.086161385603489,6.944814991145311,7.010776761713207,402375
2022-04-19,6.973084449768066,7.020199615035592,6.794045743364747,6.794045743364747,324086
2022-04-20,6.944814205169678,7.001352666688679,6.93539135291372,6.973083660593054,290929
2022-04-21,6.944814205169678,6.991929814432721,6.831737282131676,6.963660359009345,231799
2022-04-22,6.737507343292236,6.897699895336088,6.709237884384812,6.878853739173741,169689
2022-04-26,6.5396223068237305,6.624430231986348,6.487795491073128,6.596160773822877,365511
2022-04-27,6.351160049438477,6.5396220479703295,6.3323138945180695,6.5396220479703295,353661
2022-04-28,6.266352653503418,6.3982757395576995,6.1344295674491365,6.332313971866667,370432
2022-04-29,6.370007514953613,6.379430369023961,6.190968794338638,6.190968794338638,267451
2022-05-02,6.030775547027588,6.26635271332298,5.988371585201972,6.20981424733142,459601
2022-05-03,5.974237442016602,6.172122309607725,5.880006210342494,6.172122309607725,414446
2022-05-04,5.83289098739624,6.030775853072699,5.785775372015061,6.030775853072699,452764
2022-05-05,6.153275966644287,6.228660590236556,5.927121646539679,5.9742372609487475,423527
2022-05-06,5.7386603355407715,6.049622145960215,5.700968022115858,6.049622145960215,523062
2022-05-09,5.465390205383301,5.6726979052038216,5.446544050854163,5.446544050854163,2136410
2022-05-10,5.3994293212890625,5.48423725517841,5.248660060443858,5.408852175427968,354756
2022-05-11,5.276928424835205,5.361736348320644,5.18269764836682,5.18269764836682,376781
2022-05-12,5.173274517059326,5.2863519018869605,5.09788989339277,5.145005507848268,417398
2022-05-13,5.258082389831543,5.408851635630132,5.192121069458558,5.267505692357853,711648
2022-05-16,5.446544170379639,5.474813178129831,5.267505473759902,5.267505473759902,322623
2022-05-17,5.371159553527832,5.644429047870221,5.324044386867864,5.578467724680702,428542
2022-05-18,5.4371209144592285,5.4653903717774845,5.253370565210013,5.371159146935151,426236
2022-05-19,5.4088521003723145,5.437121561052431,5.248659987611102,5.276928998963385,395288
2022-05-20,5.258082389831543,5.408851635630132,5.248659536633029,5.286351848082676,516520
2022-05-23,5.35231351852417,5.437121449496644,5.276928890694338,5.342890664709353,238130
2022-05-24,5.324044227600098,5.418275007428955,5.267505759702784,5.342890383565869,365982
2022-05-25,5.1826982498168945,5.4653910613562235,5.163852092336128,5.4653910613562235,442282
2022-05-26,5.050774574279785,5.267505585377457,5.050774574279785,5.135582048655197,509900
2022-05-27,5.10731315612793,5.154428320887668,5.060197542040395,5.0696208445890205,294619
2022-05-30,5.324044227600098,5.324044227600098,5.163851677227141,5.267505759702784,328757
2022-05-31,5.276928424835205,5.3334668907162355,5.173274346056089,5.258082269541528,756224
2022-06-01,5.163851737976074,5.333467143663416,5.126159425601109,5.333467143663416,248409
2022-06-02,5.088467121124268,5.210967361196947,5.041351505918527,5.041351505918527,203399
2022-06-03,5.173274517059326,5.229813434137043,5.10731319601499,5.182697819681546,253132
2022-06-06,5.163851737976074,5.229813509296166,5.069620957038661,5.173274591405912,609910
2022-06-07,4.909428596496582,5.135582479577784,4.862312979524086,5.126159625779979,667082
2022-06-08,4.89058256149292,5.097890292818766,4.881159258132373,5.097890292818766,321600
2022-06-09,4.664427280426025,4.871735419167656,4.664427280426025,4.8057736569630025,425468
2022-06-10,4.5136590003967285,4.5513513154846805,4.278081806433109,4.4382743702208245,605573
2022-06-14,4.287504196166992,4.362888810277822,4.174426825673005,4.25923474121156,1248747
2022-06-15,4.004812240600586,4.353466374884781,3.9859660833238144,4.353466374884781,640365
2022-06-16,4.0896196365356445,4.278081184581068,4.0896196365356445,4.099042489274029,699611
2022-06-17,3.901158094406128,4.004812182590859,3.882311937402343,3.9576965654174834,2681416
2022-06-20,4.117888927459717,4.146158386275839,3.9105812103434365,3.9105812103434365,679955
2022-06-21,4.2403883934021,4.296926851394801,3.9859651077710825,4.17442663441342,671153
2022-06-22,4.004812240600586,4.212119970645076,4.004812240600586,4.165004802117063,407564
2022-06-23,4.108466148376465,4.146158461261108,4.033081522607178,4.11788900193372,311144
2022-06-24,4.438274383544922,4.447697237681279,4.117889255007666,4.136735412608219,484454
2022-06-27,4.579620361328125,4.6173126729993195,4.410004509479951,4.485389582150138,594326
2022-06-28,4.5230817794799805,4.636158711635034,4.457120011058973,4.607889253932377,402375
2022-06-29,4.353466510772705,4.485390065155767,4.306351340774052,4.381735972234175,670392
2022-06-30,4.249812602996826,4.410004710227603,4.249812602996826,4.353466240147125,670723
2022-07-01,4.372312068939209,4.466542845339837,4.3251969054027875,4.3251969054027875,445834
2022-07-04,4.494812488555908,4.664427893082013,4.428850717687411,4.53250480067282,333749
2022-07-05,4.494812488555908,4.54192810336595,4.419427864322084,4.504235791249038,432351
2022-07-06,4.504236221313477,4.532505233436384,4.37231266698042,4.391158824838308,529893
2022-07-07,4.541928291320801,4.617312918674204,4.494812674561013,4.617312918674204,1122896
2022-07-08,4.504236221313477,4.570197549152158,4.391158824838308,4.391158824838308,721785
2022-07-11,4.419427871704102,4.541928110952586,4.37231225681536,4.475966339973909,267523
2022-07-12,4.438274383544922,4.541928475011889,4.3723126072790635,4.466543395281833,598408
2022-07-13,4.607889652252197,4.711543740351726,4.47596655333414,4.711543740351726,1019919
2022-07-14,4.6361589431762695,4.6361589431762695,4.504235849073476,4.570197171460968,397511
2022-07-15,4.702120780944824,4.777505863736894,4.560774817863358,4.777505863736894,454793
2022-07-18,4.805774211883545,4.84346652340202,4.617312654291169,4.84346652340202,273088
2022-07-19,4.881158828735352,4.881158828735352,4.711543427117141,4.711543427117141,424509
2022-07-20,5.003659248352051,5.041351561198831,4.881159006936111,4.947120779081881,357670
2022-07-21,4.89058256149292,4.984813348459213,4.834044089313143,4.965967191065955,394222
2022-07-22,4.815197467803955,4.928274401264514,4.44769676006545,4.44769676006545,420018
2022-07-25,4.7680816650390625,4.881158594013639,4.749235510209966,4.7586588122884015,356774
2022-07-26,4.8623127937316895,4.890582252700556,4.645581772729737,4.7586591592773955,252743
2022-07-27,4.9000043869018555,4.9000043869018555,4.768081312842735,4.777504614225115,116680
2022-07-28,4.965966701507568,5.02250516811363,4.862312621399226,4.928274390436861,492248
2022-07-29,5.041350841522217,5.088466450518623,4.947120072857154,5.088466450518623,372691
2022-08-01,4.918850898742676,5.041351129672931,4.918850898742676,4.937697053552887,270749
2022-08-02,4.824620723724365,4.909428655564089,4.6173129950723855,4.73981324121247,528527
2022-08-03,4.7680816650390625,4.843466284355447,4.683273743644243,4.683273743644243,403396
2022-08-04,4.852889060974121,4.942408174387459,4.834042908185643,4.9094275193395545,317926
2022-08-05,4.8623127937316895,4.890582252700556,4.7586591592773955,4.7586591592773955,255156
2022-08-08,4.7492356300354,4.81519739826537,4.711543319426213,4.739812777046996,182728
2022-08-09,4.796351432800293,4.834043744901341,4.768081974060605,4.768081974060605,197701
2022-08-10,4.730389595031738,4.824620373951136,4.683273980908141,4.683273980908141,169358
2022-08-11,4.928274154663086,4.956543611277572,4.834043381494414,4.956543611277572,411534
2022-08-12,4.702120780944824,4.852890497201105,4.702120780944824,4.852890497201105,285570
2022-08-15,4.824620723724365,4.83404402696337,4.7209670840622895,4.73981324121247,205727
2022-08-16,4.777504920959473,4.815197230253499,4.758658766312459,4.777504920959473,199373
2022-08-17,4.824620723724365,4.824620723724365,4.6832743204341005,4.75865939836265,226445
2022-08-18,4.664427280426025,4.815196958418415,4.645581126842945,4.786927503379921,250187
2022-08-19,4.607889652252197,4.720967043509786,4.560774484445375,4.702120437193667,372845
2022-08-22,4.560774803161621,4.62673613256625,4.457120707818532,4.466543562307255,222329
2022-08-23,4.4288506507873535,4.5419280347578015,4.4288506507873535,4.457120109111915,266406
2022-08-24,4.909428596496582,4.994236527315945,4.504235997978849,4.56077446874915,714199
2022-08-25,4.994236469268799,5.126159566199514,4.914140190943195,5.126159566199514,605109
2022-08-26,5.060197830200195,5.173274771256241,4.909428575458801,5.031928819600095,366860
2022-08-29,4.683273792266846,4.937697109765,4.655004784393594,4.890581946866988,626325
2022-08-30,4.711543083190918,4.871735619911851,4.683273626987557,4.805773854989184,606253
2022-08-31,4.739812850952148,4.796351317747501,4.673851081693675,4.692697237292125,279545
2022-09-01,4.501391887664795,4.644444693268518,4.501391887664795,4.606297339074503,485922
2022-09-02,4.501391887664795,4.577687050805158,4.453707922298443,4.520465564761802,233685
2022-09-05,4.6158342361450195,4.6158342361450195,4.4918551121736465,4.520465399396384,246685
2022-09-06,4.577686309814453,4.720738637509944,4.577686309814453,4.577686309814453,551017
2022-09-07,4.510928630828857,4.5967603990002255,4.406023186925219,4.4823178898543015,688204
2022-09-08,4.558613300323486,4.816108164364097,4.530002557762385,4.673055361063241,451014
2022-09-09,4.549076080322266,4.606297108752144,4.415560347319216,4.415560347319216,512276
2022-09-12,4.568149566650391,4.863791761963096,4.510928540598153,4.863791761963096,549079
2022-09-13,4.777960300445557,4.8161076499509194,4.5776864881662656,4.644444122424511,294538
2022-09-14,4.701664924621582,4.711201988923623,4.5395389242571875,4.596759945812666,473811
2022-09-15,4.711202621459961,4.7779607162805675,4.692128945047261,4.74934997428536,897136
2022-09-16,4.825644493103027,4.825644493103027,4.539539357989587,4.568149644124781,1600414
2022-09-19,4.816107273101807,4.892401966142651,4.7302755160547365,4.777959926581385,459390
2022-09-20,4.739812850952148,4.901939325860876,4.682591822411241,4.901939325860876,360779
2022-09-21,4.663517951965332,4.816107809803712,4.577686640105553,4.816107809803712,491313
2022-09-23,4.4060235023498535,4.644444693447819,4.38694982525211,4.634908082275114,727326
2022-09-26,4.42509651184082,4.444170186060951,4.253433443859639,4.367875489180427,378458
2022-09-27,4.339264869689941,4.463243515157934,4.282043396701971,4.415559560670931,448715
2022-09-28,4.329728603363037,4.377413021384482,4.2534338983305755,4.358339345126367,799538
2022-09-29,4.272507190704346,4.491854675340481,4.2534335161599985,4.491854675340481,567271
2022-09-30,4.291580677032471,4.320191414970345,4.119917613661983,4.119917613661983,545703
2022-10-03,4.205749034881592,4.243896383357668,4.129454337929441,4.177138750900667,153248
2022-10-04,4.510928630828857,4.520465241318843,4.2629703915570385,4.2629703915570385,314553
2022-10-05,4.6158342361450195,4.644444523367757,4.50139172299712,4.539539530547964,418638
2022-10-06,4.5967607498168945,4.634908104192775,4.48231823193692,4.50139190912486,300212
2022-10-07,4.42509651184082,4.520464882941476,4.367875489180427,4.396486227886755,284908
2022-10-10,4.262969970703125,4.301117773153894,4.053159558361298,4.100843970360567,362945
2022-10-11,4.253433704376221,4.3106547305413185,4.196212678211123,4.243896639305892,300289
2022-10-12,4.291580677032471,4.310654350740303,4.205748917971101,4.224822591678932,249688
2022-10-13,4.253433704376221,4.3106547305413185,4.186675613140794,4.272507379764587,191333
2022-10-14,4.243896007537842,4.530001550524489,4.215285726090512,4.4537068603286425,295787
2022-10-17,4.186675548553467,4.253433638759025,4.14852819836523,4.205749223647586,260349
2022-10-18,4.415560245513916,4.434633921217445,4.253433774657766,4.291581126064825,250212
2022-10-19,4.310655117034912,4.472781599748438,4.272507762837886,4.444170856724503,303037
2022-10-20,4.196211814880371,4.24389576616462,4.148527408843925,4.24389576616462,361979
2022-10-21,3.967327833175659,4.148527963696005,3.967327833175659,4.110380615665644,1733009
2022-10-24,3.9864017963409424,4.158065329681289,3.976865186017752,4.148528264605806,344739
2022-10-25,4.081770896911621,4.096076040714688,3.9864020588849827,4.024549412194709,389486
2022-10-26,4.138991832733154,4.291581242501351,4.105612558282127,4.291581242501351,349420
2022-10-27,4.148528575897217,4.220055205073573,4.053160191747735,4.053160191747735,447525
2022-10-28,4.243896007537842,4.253433071188435,4.043622218397634,4.158064708443628,571544
2022-10-31,4.577686309814453,4.625370267462197,4.339265157318955,4.4918545493953514,625878
2022-11-01,4.758886337280273,4.768423402366106,4.348802088387614,4.348802088387614,307955
2022-11-02,4.720738410949707,4.782727962193771,4.701664737855552,4.758885757138017,297191
2022-11-03,4.568149566650391,4.625370592702628,4.5156970731239126,4.539539281000417,274201
2022-11-04,4.472781181335449,4.5586129476256625,4.291581038474048,4.291581038474048,262308
2022-11-07,4.444169998168945,4.482317344996402,4.25343326403166,4.25343326403166,206673
2022-11-08,4.4060235023498535,4.444170856545341,4.310655116861134,4.444170856545341,283343
2022-11-09,4.482317924499512,4.510928665695209,4.386949545101027,4.444170572740118,254272
2022-11-10,4.52046537399292,4.577686857621463,4.386949639948385,4.577686857621463,217730
2022-11-11,4.825644493103027,4.940086547148404,4.682591698170158,4.835181558316291,322319
2022-11-14,4.806570529937744,4.84471787900453,4.5872230454275895,4.5872230454275895,288318
2022-11-15,4.758886337280273,4.86379177946297,4.739812661860901,4.806570753204851,302774
2022-11-16,4.758886337280273,4.882865454882342,4.730276051527361,4.797034142871311,280238
2022-11-17,4.787497520446777,4.787497520446777,4.673055457349006,4.749350166080854,245707
2022-11-18,4.797033786773682,4.8828650924132075,4.777960112770202,4.863791418409728,201821
2022-11-21,4.863791465759277,4.9400861625159305,4.806570443191788,4.882865139948441,296446
2022-11-22,4.835181713104248,4.911476418243576,4.758886553212606,4.911476418243576,184917
2022-11-23,4.863791465759277,4.892402204419154,4.7684230948134605,4.892402204419154,304272
2022-11-24,4.892402648925781,4.9114763248479125,4.75888646271856,4.873328973003651,261386
2022-11-25,5.0068440437316895,5.0068440437316895,4.87332832989614,4.87332832989614,265047
2022-11-28,5.054528713226318,5.0640653230406585,4.949623276754967,5.006844299897812,394377
2022-11-29,4.940086841583252,5.130824064446003,4.825644780716997,5.054529357201833,639608
2022-11-30,4.978233814239502,5.02591822999416,4.8351814764801135,4.911476177885732,700865
2022-12-01,4.6158342361450195,4.949623800508295,4.549076141371438,4.911476447709767,1173859
2022-12-02,4.673054218292236,4.730275234669013,4.4823170422841,4.587222466350964,719087
2022-12-05,4.587223052978516,4.692128490460995,4.549075703848936,4.625370402108095,369274
2022-12-06,4.4060235023498535,4.673055436470602,4.4060235023498535,4.625371016350075,773980
2022-12-07,4.320191383361816,4.406022687042952,4.24866476641658,4.272506972064992,415794
2022-12-08,4.301117897033691,4.577686403189708,4.253433483661025,4.577686403189708,446750
2022-12-09,4.291580677032471,4.329728024448134,4.167601570555436,4.320191414970345,485573
2022-12-12,4.291580677032471,4.358338762386008,4.196212308493311,4.358338762386008,392069
2022-12-13,4.2343597412109375,4.58722293929045,4.18667532860462,4.58722293929045,471572
2022-12-14,4.386949062347412,4.396486126613924,4.2343596721012515,4.367875388566642,407160
2022-12-15,4.253433704376221,4.339265471000013,4.224822963917526,4.243896639305892,1199885
2022-12-16,4.186675548553467,4.262970248929942,4.129454523271111,4.14852819836523,5895848
2022-12-19,4.205749034881592,4.3106544705669325,4.148528012167478,4.148528012167478,647930
2022-12-20,4.0722336769104,4.210517941106625,4.0436229356360105,4.167602056571192,569221
2022-12-21,4.1771392822265625,4.272507665547468,4.091307509861586,4.158065605562381,363874
2022-12-22,4.186675548553467,4.2343599636649065,4.14852819836523,4.177138938382551,408267
2022-12-23,4.148528575897217,4.262970636876594,4.057928724643291,4.177139318518225,341877
2022-12-28,4.02454948425293,4.138992000983486,4.005475807256558,4.100844646990744,189793
2022-12-29,4.02454948425293,4.0436231612493,3.9291810992710743,3.9959391961345383,466016
2022-12-30,4.062696933746338,4.310654712773026,3.986401777755067,4.17713898560481,450344
2023-01-03,3.967327833175659,4.138991354064545,3.9005702014986565,4.119917680049364,247925
2023-01-04,4.129454612731934,4.129454612731934,3.94825446803613,3.995938884180608,314355
2023-01-05,4.2343597412109375,4.2343597412109375,4.1294543063283955,4.148527980420471,356441
2023-01-06,4.196211814880371,4.234359157808649,4.119917129023815,4.119917129023815,202108
2023-01-09,4.215285778045654,4.272506796397812,4.18667504149346,4.2534331236137595,100135
2023-01-10,4.158065319061279,4.224822955409984,4.119917968361365,4.119917968361365,184966
2023-01-11,4.282043933868408,4.282043933868408,4.1389915977097855,4.158065272847755,143285
2023-01-12,4.367875576019287,4.482317623615327,4.320191616897074,4.463243949015986,199713
2023-01-13,4.348801612854004,4.43463337023178,4.301117656895873,4.301117656895873,147783
2023-01-16,4.377413272857666,4.43463430491924,4.33926591814995,4.425097238866142,273878
2023-01-17,4.453708171844482,4.472781850010208,4.386950070888261,4.41556081551303,211239
2023-01-18,4.396486282348633,4.549075677999897,4.396486282348633,4.491854654630673,257789
2023-01-19,4.310655117034912,4.415560568452899,4.310655117034912,4.415560568452899,191175
2023-01-20,4.329728603363037,4.44417066091173,4.2534338983305755,4.44417066091173,213879
2023-01-23,4.396486282348633,4.396486282348633,4.291580845462253,4.348801868831478,177274
2023-01-24,4.482317924499512,4.5681496933343,4.406023220980724,4.482317924499512,296283
2023-01-25,4.491854667663574,4.577686430342583,4.444170254008065,4.472780993151825,257429
2023-01-27,4.539539337158203,4.568149623162109,4.320191840534974,4.463244180059095,215243
2023-01-30,4.52046537399292,4.6539815627897685,4.5061602304619415,4.625370820975497,158206
2023-01-31,4.367875576019287,4.530002037489813,4.367875576019287,4.472781013691793,304700
2023-02-01,4.4632439613342285,4.53953911469443,4.406022937378283,4.415560002080411,164691
2023-02-02,4.682591438293457,4.682591438293457,4.539539106052073,4.615833804514751,278322
2023-02-03,4.911475658416748,4.911475658416748,4.7874965543692936,4.7874965543692936,405530
2023-02-06,4.787497520446777,4.8828659063615865,4.758886777296167,4.825644874812701,339653
2023-02-07,4.52046537399292,4.739812878727955,4.510928763223038,4.577686857621463,372631
2023-02-08,4.415560245513916,4.487086415714077,4.367875828878943,4.453707596920975,331841
2023-02-09,4.4060235023498535,4.415560568274892,4.339265859883916,4.367876148154365,201042
2023-02-10,4.348801612854004,4.453707043565481,4.243896182142527,4.243896182142527,138577
2023-02-13,4.358339309692383,4.386949596470793,4.2438967983218125,4.2438967983218125,176168
2023-02-14,4.386949062347412,4.444170083689722,4.339265105271614,4.358338779052384,215223
2023-02-15,4.367875576019287,4.482317623615327,4.3488019014199475,4.482317623615327,146315
2023-02-16,4.42509651184082,4.463243860281082,4.377412553666624,4.406022837620689,482629
2023-02-17,4.367875576019287,4.406022925217966,4.296349409959831,4.377412640695094,293293
2023-02-20,4.301117897033691,4.367875530052701,4.272507158059638,4.320191571432304,152835
2023-02-21,4.301117897033691,4.329728181255476,4.234359809262413,4.253433483661025,540829
2023-02-22,4.282043933868408,4.3392654140346005,4.100844247433848,4.167601883040596,208411
2023-02-23,4.100844383239746,4.243896724135771,4.091307317978783,4.243896724135771,537112
2023-02-24,4.129454612731934,4.18667563925393,4.034086235195272,4.1580653533690795,841167
2023-02-27,4.062696933746338,4.138991634985318,3.9959388427860847,4.100844284365828,683798
2023-02-28,4.158065319061279,4.2629703061098985,4.015012526560455,4.015012526560455,817238
2023-03-01,4.100045204162598,4.12905516241459,3.9936764331331274,4.071035707008249,441112
2023-03-02,4.061365604400635,4.119385521435703,3.9646665111716,4.119385521435703,468152
2023-03-03,3.945326566696167,4.080705292899136,3.945326566696167,3.964666384725162,918467
2023-03-06,4.071035861968994,4.080705541022631,3.974336765944318,3.993676585149253,643623
2023-03-07,4.129055976867676,4.143560728305901,4.051696687733495,4.080706190609945,479481
2023-03-08,4.0033464431762695,4.071036043968501,3.945326982967649,4.0033464431762695,596601
2023-03-09,3.9646663665771484,4.10004509216043,3.9646663665771484,4.10004509216043,261419
2023-03-10,3.8389577865600586,3.9356571127708224,3.800278148295285,3.9163172936384356,585085
2023-03-13,3.742258310317993,3.8002779959379094,3.6890739251105655,3.7809381775808775,707919
2023-03-14,3.6262195110321045,3.742258424721695,3.6068796920838393,3.674569058402767,696445
2023-03-15,3.742258310317993,3.7615983592238456,3.5875397634617374,3.6745689460683812,814906
2023-03-16,3.771268606185913,3.790608426275167,3.6552294551015505,3.6648993651461774,964057
2023-03-17,3.7035787105560303,3.814782782492902,3.6745689827310404,3.684238892006037,1827628
2023-03-20,3.5972096920013428,3.722918511998647,3.5972096920013428,3.626219419693028,266461
2023-03-21,3.645559310913086,3.6648991297601983,3.5972097637953047,3.5972097637953047,367841
2023-03-22,3.6552295684814453,3.6842392995151654,3.568200375380285,3.645559658136872,366454
2023-03-23,3.5488600730895996,3.6068795272834526,3.500510297379239,3.5295202550249822,623774
2023-03-24,3.4521610736846924,3.5101807638301854,3.423151343886365,3.432821253819141,365359
2023-03-27,3.5391902923583984,3.6745690237184103,3.481170605512425,3.4908405148952832,244666
2023-03-28,3.5101804733276367,3.577869837255095,3.471500606248841,3.4908404245138294,299989
2023-03-29,3.5488600730895996,3.5488600730895996,3.40381120705615,3.4328209341530767,84732
2023-03-30,3.5488600730895996,3.5488600730895996,3.5488600730895996,3.5488600730895996,0
2023-03-31,3.4715006351470947,3.510180502547878,3.355461724591209,3.355461724591209,3845697
2023-04-03,3.6358895301818848,3.65522934971353,3.500510562911531,3.500510562911531,837060
2023-04-04,3.519850492477417,3.703578771737459,3.519850492477417,3.664899133998503,740117
2023-04-05,3.6262195110321045,3.6842389678768996,3.5488602352390446,3.597209782609707,1790860
2023-04-06,3.6648993492126465,3.7422586292333335,3.5875400691919594,3.7229188092281618,2117197
2023-04-11,3.6552295684814453,3.7132490305488854,3.597210106414005,3.6939092098597386,1311260
2023-04-12,3.722918748855591,3.9018121962768304,3.67456919962672,3.7519287089417497,1248207
2023-04-13,3.722918748855591,3.742258568547139,3.664899289780946,3.6939090193182684,2818814
2023-04-14,3.800278425216675,3.8486279765708113,3.732588822772037,3.7422587330428643,529162
2023-04-17,3.693908929824829,3.7906082564886434,3.6552292913788356,3.780938346877145,459185
2023-04-18,3.6552295684814453,3.7229189408934587,3.587540196069432,3.7229189408934587,1131098
2023-04-19,3.6648993492126465,3.693909079220404,3.5972099791945453,3.5972099791945453,478079
2023-04-20,3.742258310317993,3.7712682684023613,3.6552291277113493,3.703578673603929,495382
2023-04-21,3.7519285678863525,3.7906082058152712,3.7035787899263766,3.7035787899263766,2933992
2023-04-24,3.800278425216675,3.838958066299984,3.7519288738625383,3.800278425216675,441587
2023-04-26,3.809948205947876,3.8292880258319695,3.7229187859206156,3.742258605804709,1115638
2023-04-27,3.761598587036133,3.790608316328586,3.732588627194845,3.732588627194845,767101
2023-04-28,3.7906081676483154,3.8292878051877755,3.7180837319874147,3.771268348878585,843008
2023-05-01,3.9259870052337646,3.935657145429031,3.79060827018368,3.79060827018368,976705
2023-05-02,3.945326566696167,4.153229956331094,3.91631707020149,4.02268583881215,2147035
2023-05-03,3.8292880058288574,3.8873074651780612,3.7809384563711874,3.8582977355034593,1546735
2023-05-04,3.896977424621582,3.945326741284809,3.838957737418291,3.848627646860702,387370
2023-05-05,3.9646663665771484,4.032355959917605,3.916317052274792,3.9453265486366798,993102
2023-05-08,4.100045204162598,4.119385483729022,3.9743366146643466,3.9743366146643466,655012
2023-05-09,4.061365604400635,4.100045241692248,3.9598314412357363,4.071035744272362,837603
2023-05-10,4.042025566101074,4.0807052012907405,3.9936762526628033,4.0130160702576365,532895
2023-05-11,4.138725280761719,4.1677347777658165,4.080705364558242,4.1290551410285925,781943
2023-05-12,4.158065319061279,4.196744957844371,4.10488046991128,4.148395178816674,788082
2023-05-15,4.138725280761719,4.1677347777658165,4.042025727821018,4.1677347777658165,645603
2023-05-16,4.100045204162598,4.138725302197802,4.051695888539468,4.10971534394581,512610
2023-05-17,4.051696300506592,4.090375941377009,4.032356480071384,4.051696300506592,275550
2023-05-18,4.0807061195373535,4.158065868421915,4.061366297590645,4.090376261059571,375315
2023-05-19,4.1677350997924805,4.177405240272786,4.075871070717964,4.109715640203679,977011
2023-05-22,4.206414699554443,4.283773978271211,4.177405200584492,4.196745020263684,793487
2023-05-23,4.274104118347168,4.312783756070863,4.206414521781875,4.264433978367418,449434
2023-05-24,4.225754737854004,4.283774199893229,4.172570346259138,4.245094558533746,428824
2023-05-25,4.14839506149292,4.2257543368712485,4.119385563774873,4.196744839153202,567213
2023-05-26,4.158065319061279,4.196744957844371,4.100045399788977,4.129055359425128,379872
2023-05-29,4.274104118347168,4.312783756070863,4.2354244806234735,4.274104118347168,498037
2023-05-30,4.254763603210449,4.341792543298002,4.21608397181652,4.341792543298002,244705
2023-05-31,4.254763603210449,4.2934432346043785,4.172569271223955,4.245093464813178,937966
2023-06-01,4.14839506149292,4.264433974560413,4.119385563774873,4.235424476842366,756303
2023-06-02,4.17740535736084,4.211249927795181,4.138725716550825,4.167735216609491,378367
2023-06-05,4.332123279571533,4.356298166775028,4.259599079058669,4.322453140251087,742260
2023-06-06,4.390143394470215,4.496512637553204,4.30311397184798,4.3127841126272015,1349077
2023-06-07,4.370803356170654,4.448162634158117,4.312783897680057,4.448162634158117,651026
2023-06-08,4.274104118347168,4.370803212656406,4.269269048357293,4.361133533774308,965533
2023-06-09,4.254763603210449,4.322452727601037,4.254763603210449,4.312783050301343,487247
2023-06-13,4.303112983703613,4.351462754301553,4.274103490222918,4.322452799723272,1129349
2023-06-14,4.399813175201416,4.428822672969778,4.332123578579147,4.3708032163354,1019564
2023-06-15,4.4288225173950195,4.4771722934407405,4.370803062798736,4.44816233559378,1285702
2023-06-16,4.457832336425781,4.525521467464797,4.399812883636215,4.477172154022304,10196252
2023-06-19,4.535192012786865,4.583541330557426,4.477172554803594,4.564201511229669,948493
2023-06-20,4.689909934997559,4.689909934997559,4.525521262329797,4.58354071248943,655375
2023-06-21,4.805949687957764,4.815619828582118,4.680241087524942,4.689910767051613,949081
2023-06-22,4.641561031341553,4.796279578687058,4.593211254747262,4.796279578687058,825553
2023-06-23,4.612551689147949,4.656066401674448,4.544862085095872,4.612551689147949,1147019
2023-06-26,4.641561031341553,4.670570528420014,4.573871436329074,4.602881394505177,686551
2023-06-27,4.6705708503723145,4.723755700511707,4.617386461330596,4.6705708503723145,730229
2023-06-28,4.805949687957764,4.805949687957764,4.641561447222891,4.641561447222891,528984
2023-06-29,4.863969326019287,4.883309145043119,4.7866095888263,4.815619547910877,536818
2023-06-30,4.892978668212891,4.902648807965736,4.796279576172644,4.834959212988743,530865
2023-07-03,4.815619468688965,4.912318562217328,4.815619468688965,4.883309064707643,774116
2023-07-04,4.931658744812012,4.946163494637107,4.825289503533392,4.834959644148577,633810
2023-07-05,4.863969326019287,4.970338100101538,4.863969326019287,4.931658462053872,696173
2023-07-06,4.844629287719727,4.8639691058682075,4.786609372176647,4.844629287719727,506867
2023-07-07,4.689909934997559,4.7672692018770695,4.670570118277681,4.7092497517174365,469749
2023-07-10,4.62222146987915,4.7866097050235,4.602881650385834,4.7866097050235,643033
2023-07-11,4.62222146987915,4.699580747852413,4.588376439942596,4.65123096857029,1358041
2023-07-12,4.631891250610352,4.718920670786835,4.631891250610352,4.680241030952327,454182
2023-07-13,4.825289726257324,4.825289726257324,4.69958112014129,4.718920941166657,579476
2023-07-14,4.883309364318848,4.902649184211098,4.815619764147132,4.844629724534347,455335
2023-07-17,4.999347686767578,5.028357182593482,4.844629146102432,4.960668051601291,628258
2023-07-18,4.892978668212891,4.999347900005983,4.844629352741588,4.970337941845088,540247
2023-07-19,4.970338344573975,4.999348305085444,4.8929790646736295,4.960668665135271,357582
2023-07-20,4.970338344573975,5.023523195328722,4.950998524598888,4.999348305085444,395408
2023-07-21,4.90264892578125,4.9413285635268585,4.854299148050413,4.873638966923217,1157418
2023-07-24,5.0090179443359375,5.0476975839757765,4.834959565956661,4.834959565956661,425205
2023-07-25,4.989678382873535,5.047697845337448,4.950998741230927,5.028358024516144,325537
2023-07-26,4.950998306274414,5.047697401885699,4.9316584871521565,4.989677944518928,342659
2023-07-27,5.144396781921387,5.149231390712672,4.960668276020876,4.9703379547010895,396526
2023-07-28,5.038028240203857,5.105717844631301,4.902649492446677,5.096047703528363,645345
2023-07-31,5.0090179443359375,5.125057324353131,5.004183335204214,5.096047364074414,320596
2023-08-01,5.018688201904297,5.105717623673578,4.98000856136188,5.105717623673578,296892
2023-08-02,4.844629287719727,4.980008014759095,4.820454399759716,4.960668196610614,616019
2023-08-03,4.77694034576416,4.834959808129996,4.7576005249755475,4.805949846398229,668823
2023-08-04,4.805949687957764,4.820454898894296,4.743095618290194,4.747930227504688,704961
2023-08-07,4.854299545288086,4.863969686064643,4.767270122689837,4.776940263466394,107652
2023-08-08,4.90264892578125,4.90264892578125,4.844629469162837,4.892978785796021,322308
2023-08-09,4.796279430389404,4.892978519490475,4.622221070007476,4.8542988838500465,1632684
2023-08-10,4.77694034576416,4.859134699390186,4.72859056324378,4.805949846398229,650298
2023-08-11,4.825289726257324,4.873639509369595,4.728590621130488,4.7382607621920245,263641
2023-08-14,4.815619468688965,4.873638924805983,4.767269691375959,4.77693983127762,297381
2023-08-15,4.796279430389404,4.863969023308968,4.77693961256919,4.8542988838500465,443210
2023-08-16,4.844629287719727,4.883308924016689,4.699580421057299,4.7092500995827224,624058
2023-08-17,4.873639106750488,4.883309247013159,4.781775079743454,4.8059495082047965,672258
2023-08-18,4.9219889640808105,4.931658643399469,4.796279905254531,4.796279905254531,424169
2023-08-21,5.0090179443359375,5.038027904614655,4.9123188452363395,4.9123188452363395,486749
2023-08-22,5.047697067260742,5.067036885100912,4.9606681175287894,5.009017431580402,588874
2023-08-23,5.241096019744873,5.5215236257225735,5.04769736869627,5.492513666681104,1691384
2023-08-24,5.192746162414551,5.424824447909484,5.1734063437147775,5.376474670611225,2536840
2023-08-25,5.057367324829102,5.105717101107404,4.999347869953723,5.0767071431208945,965214
2023-08-28,5.15406608581543,5.173405902867176,5.038027183504949,5.09604663466019,750434
2023-08-29,5.1149468421936035,5.232306886833289,5.036706812433813,5.222527116286996,844636
2023-08-30,5.28120756149292,5.300767570499111,5.095387242760407,5.144287498449584,1013899
2023-08-31,5.2616472244262695,5.408347515999728,5.242087216639633,5.3790072711460875,2030551
2023-09-01,5.242086887359619,5.28120690047558,5.212746644348977,5.2616468939176,342892
2023-09-04,5.2616472244262695,5.310547010719175,5.20296720106636,5.3007672399995425,350940
2023-09-05,5.222527027130127,5.290986818827545,5.183407012918073,5.212746790403436,416948
2023-09-06,5.320326805114746,5.398566829751424,5.222526774318899,5.271426556543156,454165
2023-09-07,5.29098653793335,5.349666556136156,5.232306519730543,5.281206768073214,424284
2023-09-08,5.251866817474365,5.339887082840677,5.251866817474365,5.320327075686758,366738
2023-09-11,5.33010721206665,5.33010721206665,5.2127471610849465,5.2127471610849465,578318
2023-09-12,5.379006862640381,5.418126875242706,5.305656955597855,5.339886850038056,389855
2023-09-13,5.251866817474365,5.418127111456351,5.251866817474365,5.369226860397877,516604
2023-09-14,5.212746620178223,5.261646869520103,5.144286830716399,5.173626607243655,593765
2023-09-15,5.251866817474365,5.383897215523833,5.251866817474365,5.33010684609004,1955783
2023-09-18,5.222527027130127,5.261647041342181,5.124726525252637,5.124726525252637,387504
2023-09-19,5.183407306671143,5.212747085819244,5.095387036532076,5.183407306671143,664728
2023-09-20,5.0464863777160645,5.183406890573868,5.0464863777160645,5.12472640429347,843346
2023-09-21,4.938907146453857,5.026926953375714,4.919347137543734,4.938907146453857,1134387
2023-09-22,4.792206287384033,4.899786557012841,4.777536398999715,4.899786557012841,715310
2023-09-25,4.899786472320557,4.899786472320557,4.792206204551262,4.801985974522652,330883
2023-09-26,4.713966369628906,4.850886419185286,4.7041861329154875,4.841106182471868,719904
2023-09-27,4.616165637969971,4.6992957805042055,4.616165637969971,4.674846122633115,581460
2023-09-28,4.616165637969971,4.6552861165278445,4.5966056318646995,4.635725644075242,583691
2023-09-29,4.606385707855225,4.645505718704955,4.567265697005494,4.6161654773939995,513150
2023-10-02,4.557485580444336,4.635725604192291,4.557485580444336,4.577045586381325,151953
2023-10-03,4.4890265464782715,4.537926336356616,4.401006271810884,4.479246308694159,677408
2023-10-04,4.498805999755859,4.518366007593379,4.410786197660707,4.45968598408082,684132
2023-10-05,4.557485580444336,4.606385828460471,4.489025792838539,4.489025792838539,263200
2023-10-06,4.547706127166748,4.577045904940596,4.479245868448836,4.4988058757471885,958663
2023-10-09,4.557485580444336,4.596605592318314,4.542815692578426,4.557485580444336,441846
2023-10-10,4.567266464233398,4.635726261546923,4.547706455522764,4.577046235415019,537196
2023-10-11,4.596606254577637,4.625946500884,4.547706465863556,4.577046245822525,492828
2023-10-12,4.577045917510986,4.665066183768989,4.577045917510986,4.665066183768989,915775
2023-10-13,4.518365859985352,4.5574858743824,4.42056582399273,4.498805852786827,1145502
2023-10-16,4.5085859298706055,4.58193583768026,4.493915575230802,4.49880569344407,583020
2023-10-17,4.586826324462891,4.694406602062573,4.523256181624323,4.694406602062573,422760
2023-10-18,4.704185962677002,4.718855850868891,4.5672659180755835,4.586825924447215,480554
2023-10-19,4.606385707855225,4.62594571328009,4.54770569158063,4.62594571328009,982281
2023-10-20,4.547706127166748,4.577045904940596,4.489026105271692,4.4988058757471885,570278
2023-10-23,4.537925720214844,4.577045733344919,4.4988057070847685,4.4988057070847685,758637
2023-10-24,4.479245662689209,4.5574856882885655,4.43034587986328,4.489025899062797,490577
2023-10-25,4.332545757293701,4.469466280315513,4.303205978322869,4.449906272219165,760081
2023-10-26,4.185845375061035,4.332545183170152,4.166285369556665,4.293425172161411,1343026
2023-10-27,4.176065444946289,4.264085709335291,4.146725201367505,4.254305472693246,378204
2023-10-30,4.1271653175354,4.166285798923111,4.019585509348132,4.088045302495055,645969
2023-10-31,4.156505584716797,4.195625599971048,3.9706852790854206,4.000025523699793,493436
2023-11-01,4.176065444946289,4.5183657995129,4.15650543800955,4.469466015344727,470726
2023-11-02,4.352105140686035,4.4107856228994216,4.215185103665194,4.224965339483195,2382458
2023-11-03,4.459685325622559,4.528145576119626,4.449905556321436,4.508585571170079,359094
2023-11-06,4.528145790100098,4.557485565737237,4.489025778352361,4.547705795973966,384844
2023-11-07,4.498805999755859,4.528146244685825,4.489026229010785,4.508586236848306,306308
2023-11-08,4.577045917510986,4.665066183768989,4.528146132304488,4.5966059248630575,388938
2023-11-09,4.577045917510986,4.694406427970776,4.572156265433489,4.694406427970776,232444
2023-11-10,4.537925720214844,4.567265963236071,4.503695825312863,4.508585943540958,195842
2023-11-13,4.498805999755859,4.5672662603608645,4.498805999755859,4.537926015430899,292164
2023-11-14,4.606385707855225,4.67484596001591,4.596605471969135,4.635725482818865,337403
2023-11-15,5.00736665725708,5.017146894324874,4.811766579374917,4.870446602739566,472626
2023-11-16,4.8900065422058105,5.075826846771315,4.870446534690882,5.007366587295382,628583
2023-11-17,4.831326484680176,4.860666262566454,4.753086455186952,4.860666262566454,509839
2023-11-20,4.978026390075684,4.997586395943773,4.782425865047464,4.782425865047464,607732
2023-11-21,4.860666275024414,4.987806556450446,4.860666275024414,4.978026785912408,599059
2023-11-22,4.674846649169922,4.850886723945088,4.674846649169922,4.850886723945088,239081
2023-11-23,4.567266464233398,4.655286736604951,4.567266464233398,4.596606244125653,289169
2023-11-24,4.625946044921875,4.635725815161778,4.5672660244404115,4.596605801507469,102954
2023-11-27,4.557485580444336,4.684625852208427,4.557485580444336,4.655286076476607,293676
2023-11-28,4.635725975036621,4.6650662194629,4.518365930026232,4.518365930026232,201938
2023-11-29,4.713966369628906,4.753086383787871,4.518365832486723,4.6161658678841375,315417
2023-11-30,4.713966369628906,4.772646390867354,4.6161658678841375,4.772646390867354,480515
2023-12-01,4.762866497039795,4.792206742944944,4.498806149283001,4.498806149283001,280109
2023-12-04,4.919346809387207,4.938906816992534,4.8019862974078755,4.811766534384223,600298
2023-12-05,4.850886344909668,4.909566365249622,4.811766331349698,4.870446351689653,196779
2023-12-06,5.574606895446777,5.613726907837136,4.870446206072987,4.938906460929782,1705072
2023-12-07,5.3398871421813965,5.6332877190980115,5.320327134810113,5.379007156923964,1319531
2023-12-08,5.349666595458984,5.383896956089396,5.2860969250325045,5.379006837949719,511545
2023-12-11,5.3398871421813965,5.3985671642952475,5.310546897950791,5.379007156923964,693383
2023-12-12,5.300766944885254,5.379006971675873,5.281206938187599,5.379006971675873,452956
2023-12-13,5.359447479248047,5.457247522120798,5.290987216063426,5.457247522120798,1106499
2023-12-14,5.437687397003174,5.535487437779828,5.369227135285826,5.535487437779828,3369195
2023-12-15,5.936468124389648,5.936468124389648,5.476807247163104,5.603947529489371,1282484
2023-12-18,5.828887939453125,5.868007955179867,5.75064790799964,5.819107702347753,427254
2023-12-19,5.868007659912109,5.877787896525357,5.6724075911206455,5.80932763927467,612495
2023-12-20,5.858227729797363,5.956028235657301,5.819107713992338,5.956028235657301,302810
2023-12-21,5.789767742156982,5.809327749406944,5.672407698657212,5.672407698657212,852019
2023-12-22,5.77020788192749,5.838667675872981,5.740867637131301,5.789767889675826,219900
2023-12-27,5.936468124389648,5.990258028598131,5.887567872311126,5.887567872311126,221545
2023-12-28,6.034268379211426,6.073388395742182,5.975588354415291,6.034268379211426,388863
2023-12-29,6.024487495422363,6.161408004934568,5.975587713180004,6.063607507755184,287233
2024-01-02,5.946247577667236,6.083167623293861,5.926687571149147,6.063607616775772,158880
2024-01-03,5.691967964172363,5.926688061822005,5.691967964172363,5.8386677920297,236683
2024-01-04,5.574606895446777,5.721307175084289,5.564827125522854,5.701747168889109,354501
2024-01-05,5.594167232513428,5.672407728269075,5.525707439954858,5.613727239865499,185308
2024-01-08,5.457247734069824,5.603948037250204,5.427907953242193,5.574607790075165,227306
2024-01-09,5.5648274421691895,5.58438744947736,5.515927190725083,5.574607212649595,250965
2024-01-10,5.525707244873047,5.672407528008097,5.4963670017071,5.594167035014685,268225
2024-01-11,5.574606895446777,5.6479572684392,5.535486883056419,5.603947137913213,209424
2024-01-12,5.555047035217285,5.584387278454671,5.379006974835002,5.379006974835002,131747
2024-01-15,5.584387302398682,5.613727079414522,5.515927045449475,5.515927045449475,34086
2024-01-16,5.574606895446777,5.594166901641956,5.398566839690163,5.4768068644708805,424563
2024-01-17,5.437687397003174,5.623507707652507,5.427907626099198,5.603947699497176,326716
2024-01-18,5.398566722869873,5.452356622155817,5.330106469494499,5.330106469494499,253055
2024-01-19,5.4865875244140625,5.525707539825252,5.4181272642707965,5.47680728738758,397350
2024-01-22,5.594167232513428,5.603947469363144,5.388787388490357,5.388787388490357,374322
2024-01-23,5.7115278244018555,5.740867602674577,5.515927281745124,5.574607304637933,388626
2024-01-24,5.731087684631348,5.7408674550216,5.623507412254438,5.662627426510158,244117
2024-01-25,5.721307277679443,5.7604272907713066,5.647957369719035,5.7604272907713066,372735
2024-01-29,5.760427474975586,5.799547489318411,5.726197579012453,5.760427474975586,360714
2024-01-30,5.809327602386475,5.868007622651306,5.7310875753667,5.838667379345217,281580
2024-01-31,6.024487495422363,6.063607507755184,5.819107197501389,5.838667203667799,604259
2024-02-01,5.838667392730713,5.965807670102998,5.789767608904921,5.9169078862772055,381468
2024-02-02,6.004927635192871,6.024487641834646,5.897347831836783,5.897347831836783,577125
2024-02-05,5.985367774963379,6.004927782083624,5.887567739362152,5.99514801169718,323641
2024-02-06,6.024487495422363,6.063607507755184,5.770207415259029,5.770207415259029,429117
2024-02-07,6.102727890014648,6.210308163624722,5.9853678459022195,5.9853678459022195,465492
2024-02-08,6.141848564147949,6.239648603982855,6.08316807389963,6.171188342924733,223332
2024-02-09,6.161407947540283,6.190747723342929,6.083167457256129,6.112507699406103,288994
2024-02-12,6.161407947540283,6.268987747279754,6.053827681453484,6.053827681453484,199151
2024-02-13,6.141848564147949,6.220088596015874,6.122288556180968,6.16140857211493,344694
2024-02-14,6.102727890014648,6.1320681342164365,5.8484477944377184,5.916908053343649,367017
2024-02-15,6.268988132476807,6.288548139662875,6.16140832612711,6.190748103732534,492043
2024-02-16,6.376568794250488,6.405909039993511,6.298328760732274,6.396128802630042,383741
2024-02-19,6.122288227081299,6.46458858127702,6.048937851387491,6.445028574361475,559918
2024-02-20,6.7090888023376465,6.777548592362698,6.083167657540351,6.083167657540351,785386
2024-02-21,6.846009254455566,7.110069592759244,6.787329231093346,6.865569262242974,781791
2024-02-22,6.787328720092773,6.855788975368185,6.709088694833637,6.846008739037125,561776
2024-02-23,6.738429069519043,6.806889330873872,6.591728775957195,6.806889330873872,824033
2024-02-26,6.768026828765869,6.876551699473887,6.66936764155671,6.876551699473887,423673
2024-02-27,6.777892589569092,6.856819940236615,6.7088313929570695,6.856819940236615,446130
2024-02-28,6.846954345703125,6.994943365352105,6.827222507779536,6.876551867366446,458599
2024-02-29,6.916016101837158,6.916016101837158,6.748295242126144,6.817356440517175,646447
2024-03-01,6.906149864196777,6.985077215945109,6.846954350385529,6.916016018387381,470125
2024-03-04,6.876551628112793,7.0245406426128385,6.856819790875727,6.856819790875727,265514
2024-03-05,6.906149864196777,6.945613540070943,6.856820034132008,6.916016018387381,679824
2024-03-06,6.886417865753174,6.994943207099717,6.846954190798815,6.975211369622538,417568
2024-03-07,6.906149864196777,6.955479694261547,6.851887427480831,6.916016018387381,781942
2024-03-08,6.916016101837158,7.054138969063352,6.876551955042687,7.004809138403361,424061
2024-03-11,6.9752116203308105,7.004809142388339,6.876551958954701,6.876551958954701,156630
2024-03-12,6.985076904296875,7.083736089580483,6.945613230183432,6.975211220990566,281122
2024-03-13,6.96534538269043,7.093602564589752,6.88641803088904,7.004809058591125,347553
2024-03-14,7.103468418121338,7.103468418121338,6.935748026756798,6.9456137107457065,399615
2024-03-15,7.192261695861816,7.251457209231545,7.004809001635614,7.004809001635614,1090017
2024-03-18,7.024540901184082,7.231725435021724,7.004809063220693,7.202127913298705,418306
2024-03-19,7.0442728996276855,7.221859915788035,7.0442728996276855,7.0442728996276855,589370
2024-03-20,7.064004421234131,7.137999164797138,7.064004421234131,7.093602412748157,353347
2024-03-21,7.142931938171387,7.236658521451386,7.133066254399039,7.1626642466043355,399197
2024-03-22,7.064004421234131,7.221859591902079,7.044272583706151,7.152797925332094,244075
2024-03-25,7.103468418121338,7.133066410976337,7.044272902855476,7.083736579699384,293370
2024-03-26,6.985076904296875,7.073870406274174,6.916015709820401,7.04427241546704,374546
2024-03-27,6.906149864196777,7.014675208072797,6.906149864196777,6.994943370135713,319402
2024-03-28,7.093602180480957,7.1133340173628525,6.906149494880898,6.994942996071479,1056128
2024-04-02,6.916016101837158,7.034407130888182,6.911083024682333,6.98507730022819,346575
2024-04-03,6.639769554138184,6.994943093398247,6.639769554138184,6.906149590972205,572700
2024-04-04,6.679233551025391,6.718697227244178,6.570708206201663,6.570708206201663,435074
2024-04-05,6.629903793334961,6.698965462698291,6.605239348260468,6.639769947720065,389880
2024-04-08,6.620038032531738,6.679233546822672,6.560842518240805,6.590440040164207,344998
2024-04-09,6.659501552581787,6.659501552581787,6.5608423644101395,6.639769714947457,194262
2024-04-10,6.718697547912598,6.777893065066047,6.659502030759148,6.718697547912598,184264
2024-04-11,6.620038032531738,6.679233546822672,6.481915165852895,6.511512687776297,484467
2024-04-12,6.462182998657227,6.620037695394004,6.462182998657227,6.6003058583019065,253749
2024-04-15,6.383255481719971,6.4720489880556595,6.3635236436947205,6.462183304265098,325011
2024-04-16,6.1760711669921875,6.343791548177034,6.151406252850735,6.343791548177034,1370371
2024-04-17,6.097143650054932,6.274730664326015,6.097143650054932,6.225400833596463,415246
2024-04-18,6.116875171661377,6.176071153650634,6.087277651110856,6.116875171661377,244597
2024-04-19,5.998484134674072,6.0576796460820805,5.8948918720990315,5.929422939920116,627997
2024-04-22,6.107009410858154,6.107009410858154,6.018215909444243,6.097143257170342,520061
2024-04-23,6.087277889251709,6.343791782649122,6.062612974198619,6.14647340311265,439538
2024-04-24,6.1760711669921875,6.195803004216529,6.136607022099398,6.156338859323738,326226
2024-04-26,6.057680130004883,6.107009962007696,6.023149529869399,6.067546284583103,424842
2024-04-29,6.274730682373047,6.274730682373047,6.116875505850944,6.116875505850944,328416
2024-04-30,6.324059963226318,6.324059963226318,6.195803251373855,6.235266927396786,276631
2024-05-01,6.1760711669921875,6.235266678665211,6.146473175933622,6.185936850382304,481902
2024-05-02,6.324059963226318,6.393121631488511,6.1662052591345935,6.1662052591345935,388248
2024-05-03,6.402987480163574,6.624971251564305,6.3536581190866315,6.363523803124364,644412
2024-05-06,6.373389720916748,6.4819150639663246,6.3536578831299275,6.4819150639663246,317975
2024-05-07,6.807490348815918,7.034406709457919,6.718696847125191,6.837087869083425,841996
2024-05-08,6.906149864196777,6.965345378008027,6.807490674511363,6.866686188322612,1052607
2024-05-09,6.777892589569092,6.935747761348256,6.7482950682908305,6.916015923681375,739380
2024-05-10,6.906149864196777,6.935747856324465,6.768026998637197,6.777892682383676,276792
2024-05-13,6.787758827209473,6.94561353048835,6.703898398481538,6.92588169257849,364596
2024-05-14,6.797624588012695,6.817356426146271,6.738429073611967,6.777892749879119,290348
2024-05-15,6.886417865753174,6.886417865753174,6.817356199360989,6.8666860282759945,284455
2024-05-16,7.093602180480957,7.152797691126644,7.03440666983527,7.0442723530541675,1506023
2024-05-17,6.8962836265563965,6.975211447793772,6.866686105230984,6.906149780627613,573014
2024-05-20,6.935748100280762,6.945613784374253,6.86668642984975,6.906150107112002,242982
2024-05-21,6.925881862640381,6.99494353224273,6.886418185851649,6.906150024246015,529357
2024-05-22,6.955479621887207,7.009742058038533,6.916015946423675,6.935747784155441,238675
2024-05-23,6.82722282409668,6.881485263289592,6.718697475266709,6.846954662934479,470902
2024-05-24,6.82722282409668,6.82722282409668,6.82722282409668,6.82722282409668,0
2024-05-27,7.152798175811768,7.38958023443925,6.945613639290655,6.9554797936221995,4327910
2024-05-28,7.014675140380859,7.409312365758376,6.985077148538795,7.271189031087567,2085277
2024-05-29,7.064004421234131,7.133066087804115,6.9258815585382765,6.9258815585382765,893699
2024-05-30,7.103468418121338,7.152798249398291,6.906150033901798,6.906150033901798,683197
2024-05-31,7.103468418121338,7.202128080675244,6.99494354202266,7.202128080675244,1582344
2024-06-03,7.133066177368164,7.167596775864671,7.059071903320186,7.123200023258235,422781
2024-06-04,7.182395935058594,7.226792216776036,7.123199951880437,7.123199951880437,382612
2024-06-05,7.369848251342773,7.389580089173839,7.182396027169712,7.202127865000777,482225
2024-06-06,7.3994460105896,7.498105196641973,7.3007868245372265,7.429044001627365,576543
2024-06-07,7.389580249786377,7.458641918918223,7.221859859798978,7.389580249786377,278150
2024-06-11,7.251457214355469,7.345183796756858,7.192261700943912,7.211993538747764,1168997
2024-06-12,7.271188735961914,7.310652409853488,7.221859378819498,7.2514568990161274,598860
2024-06-13,7.271188735961914,7.300786726602645,6.916015670937751,7.2514568990161274,1084190
2024-06-14,7.290920734405518,7.359982400467575,7.251457059639803,7.350116246554091,418903
2024-06-17,7.271188735961914,7.350116083745061,7.2514568990161274,7.2810548896568585,727833
2024-06-18,7.320518970489502,7.4191781607028116,7.320518970489502,7.359982646574826,630700
2024-06-19,7.300786972045898,7.448775989336554,7.241591459218459,7.3501163308467055,821734
2024-06-20,7.310653209686279,7.340251203565223,7.261323847146912,7.320519364460645,695815
2024-06-21,7.320518970489502,7.3994463226601495,7.182396104190868,7.251457302118121,1442559
2024-06-24,7.350116729736328,7.498105755058324,7.3402510456184045,7.438910239018354,417803
2024-06-25,7.379714012145996,7.404378925731233,7.3007866650285145,7.3007866650285145,602450
2024-06-26,7.251457214355469,7.340250719694865,7.202127855067899,7.261323368479456,1004070
2024-06-27,7.221859931945801,7.266256215641081,7.103468430759307,7.172530100581083,2085312
2024-06-28,7.113334655761719,7.271189364983836,7.054139139803424,7.271189364983836,1117275
2024-07-01,6.925881862640381,7.1429320849784075,6.866686347457283,7.113334562608927,770411
2024-07-02,6.886417865753174,6.945613378184712,6.7482950034129185,6.935747694668179,1092598
2024-07-03,7.0442728996276855,7.0936027308820355,6.8962838763087735,6.916016185165822,476117
2024-07-04,7.21199369430542,7.231725532534874,7.064004672362447,7.113334503158149,576820
2024-07-05,7.152798175811768,7.162664330143312,7.0640046686043965,7.152798175811768,280125
2024-07-08,7.192261695861816,7.2415915255586505,7.162664174399012,7.202127849978831,344781
2024-07-09,7.142931938171387,7.285988351645505,7.113334416410217,7.221859760570801,531895
2024-07-10,7.152798175811768,7.202128006581225,7.0640046686043965,7.162664330143312,382907
2024-07-11,7.133066177368164,7.271189041798313,7.113334339592428,7.251457204022577,339569
2024-07-12,7.281055450439453,7.310652972915666,7.22185993504289,7.281055450439453,428306
2024-07-15,7.379714012145996,7.3994458489253665,7.211993164299299,7.320518501807885,399976
2024-07-16,7.577032566070557,7.626362394452825,7.419177867957871,7.419177867957871,333196
2024-07-17,7.734888076782227,7.784217436902484,7.606630893670123,7.715156238645298,459446
2024-07-18,7.695424556732178,7.858212342277608,7.685558402241357,7.744753917853864,690694
2024-07-19,7.547435283660889,7.567167121547888,7.389580110120776,7.389580110120776,815729
2024-07-22,7.557301044464111,7.596764720640624,7.468508008289022,7.498105530199342,385871
2024-07-23,7.665826320648193,7.670759397737194,7.54250221608793,7.567167131088808,342379
2024-07-24,7.547435283660889,7.646094473095882,7.517837291608329,7.616496481043322,465539
2024-07-25,7.527703762054443,7.5671674394865285,7.419178413894138,7.438910252610181,1043267
2024-07-26,7.7052903175354,7.715156472124503,7.557301291807865,7.606631123865092,225028
2024-07-29,7.734888076782227,7.823681113176342,7.606630893670123,7.66582640808091,362657
2024-07-30,7.616496562957764,7.720088830589659,7.527703526733374,7.636228401056975,958845
2024-07-31,7.64609432220459,7.734887826165856,7.547435134716579,7.655960476175448,1288086
2024-08-01,7.942072868347168,7.96180423667574,7.744754010175849,7.75462016478428,568179
2024-08-02,7.695424556732178,7.744753917853864,7.606631048091347,7.744753917853864,383545
2024-08-05,7.3994460105896,7.596764382694346,7.345183575871821,7.557300708273397,568907
2024-08-06,7.429044246673584,7.547435273841547,7.310652749061497,7.379714416798204,394238
2024-08-07,7.527703762054443,7.586899278202571,7.404379652468142,7.409312729758189,281303
2024-08-08,7.4783735275268555,7.547435194537907,7.340250663948873,7.4783735275268555,299031
2024-08-09,7.715156078338623,7.720088684937267,7.537569068352062,7.606630735618404,279029
2024-08-12,7.685557842254639,7.774351344425779,7.6263623309552475,7.7644851906538275,178178
2024-08-13,7.695424556732178,7.8039494334663715,7.616496732138029,7.8039494334663715,969649
2024-08-14,7.823680877685547,7.907541775298466,7.744753527513525,7.803949040142541,262037
2024-08-15,7.902608871459961,8.020999899312123,7.8335472033241365,7.873010879274857,540497
2024-08-16,7.991402626037598,8.055530748618278,7.932206639826885,7.991402626037598,369557
2024-08-19,7.932206153869629,8.099927006821765,7.932206153869629,8.011133503389667,376784
2024-08-20,7.873011112213135,8.090061336363952,7.863144957711483,8.090061336363952,352234
2024-08-21,7.695424556732178,7.8039494334663715,7.488240016866333,7.636228570675531,1234836
2024-08-22,7.912475109100342,7.981536307520235,7.665826426141436,7.971670153206461,876711
2024-08-23,7.89274263381958,8.020999814525737,7.873010796052796,7.961803830781264,466462
2024-08-26,8.09006118774414,8.154190249938509,7.951938790811525,7.951938790811525,464419
2024-08-27,8.09006118774414,8.189447115936133,8.050306626902644,8.099999117086893,602478
2024-08-28,8.259018898010254,8.298773461690418,8.020490568105707,8.090061765413665,818769
2024-08-29,8.288834571838379,8.318650257599533,8.13975424738549,8.249080008215653,803623
2024-08-30,8.408098220825195,8.437913906437833,8.308711338351657,8.358404779588426,1973190
2024-09-02,8.517422676086426,8.53730043087693,8.27889530554148,8.338527622089476,410346
2024-09-03,8.467730522155762,8.527361893256264,8.457791644364493,8.507485085497281,327721
2024-09-04,8.268956184387207,8.447852180934031,8.229201623801632,8.447852180934031,346909
2024-09-05,8.259018898010254,8.353435394360917,8.23914114225839,8.298773461690418,1130598
2024-09-06,8.249079704284668,8.447852515074661,8.229201949293905,8.25901858178005,1508775
2024-09-09,7.881349563598633,8.010552605908368,7.732270187352138,7.990674850236271,1774443
2024-09-10,7.871410846710205,7.970797725471991,7.831656284770195,7.931042689620221,1081289
2024-09-11,7.7919020652771,7.950920320025847,7.73227021974632,7.871411192651474,1503979
2024-09-12,7.9906744956970215,7.9906744956970215,7.722330966883008,7.791901686913218,2132337
2024-09-13,7.980735778808594,8.278895471892573,7.940981216252299,8.080122659111098,1303427
2024-09-16,8.04036808013916,8.109938327514755,7.901226637564439,8.010552395238697,1431446
2024-09-17,8.010552406311035,8.338527784140073,7.975766334751623,8.229202026314704,1968525
2024-09-18,7.752147197723389,8.030429132625677,7.692514880618278,7.990674570496779,2661869
2024-09-19,7.6527605056762695,7.7123928242399895,7.5732513794736755,7.5732513794736755,3536216
2024-09-20,7.801840305328369,7.881349431032277,7.613005894825704,7.69251502052961,18992252
2024-09-23,7.603067398071289,7.901226615813992,7.583190116888442,7.7521472438985235,662551
2024-09-24,7.593128681182861,7.662699403750717,7.5732513995794415,7.5732513995794415,1219474
2024-09-25,7.613005638122559,7.6626990769677725,7.543435392433366,7.603067234700569,622305
2024-09-26,7.801840305328369,7.801840305328369,7.682576616772508,7.722331179624462,1013932
2024-09-27,7.851533889770508,7.851533889770508,7.752147480818837,7.772024762609171,329911
2024-09-30,8.14969253540039,8.199385973288047,7.871410610182405,7.9012262937856015,1851374
2024-10-01,8.199386596679688,8.328589165881347,8.060245149580155,8.070184027478028,780361
2024-10-02,8.109938621520996,8.229202313270003,8.02049061575335,8.189447749353668,627017
2024-10-03,8.308711051940918,8.408097930988479,8.119877119138783,8.219263998186342,1094125
2024-10-04,8.507485389709473,8.557177884795621,8.149693359018247,8.229202488544388,733910
2024-10-07,8.547239303588867,8.596931794890866,8.427974670558227,8.51742267141945,359414
2024-10-08,8.557177543640137,8.736073551853567,8.557177543640137,8.596932106818283,679804
2024-10-09,8.686380386352539,8.711227581516454,8.596932379409608,8.606871257475175,583723
2024-10-10,8.71619701385498,8.855337515371716,8.671473010417865,8.746012700205197,539609
2024-10-11,8.7857666015625,8.7857666015625,8.67644084682308,8.67644084682308,1254622
2024-10-14,8.865276336669922,8.905030900823544,8.795706086356978,8.905030900823544,398853
2024-10-15,9.113741874694824,9.113741874694824,8.905030192532976,8.905030192532976,1290951
2024-10-16,8.944785118103027,9.173373616165918,8.924907362885278,9.06404880593891,544763
2024-10-17,9.093864440917969,9.163435635973851,8.994478508846543,9.054109878524692,451565
2024-10-18,9.223067283630371,9.322454166520798,9.073987907118292,9.103803592855996,359252
2024-10-21,9.332392692565918,9.431778623886174,9.193251251329329,9.342330622221477,572690
2024-10-22,9.0839262008667,9.292637883257381,9.044171639831498,9.27276012882803,688266
2024-10-23,9.153496742248535,9.22306698935798,9.054109862529161,9.143557864711893,299385
2024-10-24,9.153496742248535,9.153496742248535,9.153496742248535,9.153496742248535,0
2024-10-25,10.296441078186035,10.296441078186035,9.392024078133526,9.491410957450219,1320340
2024-10-28,10.067852973937988,10.296441478296183,9.948589282817595,10.286503548237157,1065281
2024-10-29,10.336195945739746,10.515091954666019,10.077791757963919,10.256686819066637,1246843
2024-10-30,10.167238235473633,10.28650286651349,10.077791183928989,10.187115989921443,1331016
2024-10-31,10.107606887817383,10.286502886908364,10.107606887817383,10.177177132875652,2614691
2024-11-01,10.107606887817383,10.127483694481102,9.888956327575462,10.087729133330162,720191
2024-11-04,10.087729454040527,10.236809773963758,10.057913769185294,10.117546086719292,781688
2024-11-05,10.008220672607422,10.087729800165139,9.928711545049705,10.087729800165139,596957
2024-11-06,10.038037300109863,10.206994433021558,9.928711538917847,10.206994433021558,652333
2024-11-07,10.286502838134766,10.48527564294698,10.177177084620423,10.356073082863167,1319997
2024-11-08,10.31631851196289,10.395827633811185,10.256686196664923,10.356073072887039,513834
2024-11-11,10.733742713928223,10.813251841986512,10.40576732373189,10.425644131834677,851789
2024-11-12,10.723803520202637,11.131288026458876,10.723803520202637,11.081594585929777,1196581
2024-11-13,10.803312301635742,10.803312301635742,10.505152615786553,10.515091493140345,1161699
2024-11-14,11.061717987060547,11.08159479495298,10.793373971835978,10.882821976910835,1075024
2024-11-15,11.39963150024414,11.434416622630732,11.021962696946092,11.021962696946092,3134877
2024-11-18,11.429447174072266,11.479140612219888,11.210796614916825,11.39963149031309,717837
2024-11-19,11.608344078063965,11.722638331245337,11.379754623877652,11.40957030996332,446576
2024-11-20,11.658036231994629,11.75742311314408,11.568589176348375,11.628220546779211,849372
2024-11-21,11.817055702209473,11.916441637813003,11.618281935355279,11.727607696689798,1325368
2024-11-22,11.966135025024414,12.015828466511623,11.82699357842494,11.926380461399358,785787
2024-11-25,12.125152587890625,12.125152587890625,11.956195465165777,12.045643465175816,1226752
2024-11-26,12.194724082946777,12.304048892429497,12.085398325640528,12.164907450323147,773631
2024-11-27,12.373619079589844,13.079263268595133,12.234478585981508,12.433251396724506,2106629
2024-11-28,12.463067054748535,12.55251505634763,12.383557930621235,12.453128177276742,946761
2024-11-29,12.254355430603027,12.48294487452387,12.234478623379731,12.383557994936803,989724
2024-12-02,12.38355827331543,12.51276084055364,12.244416828330383,12.27423346157089,683691
2024-12-03,12.43325138092041,12.492882750155749,12.204661937988881,12.492882750155749,489911
2024-12-04,12.115214347839355,12.383558361984003,12.090368101117914,12.254355793820679,784444
2024-12-05,12.323925971984863,12.393497168486975,12.125153155886439,12.20466228232581,848735
2024-12-06,12.274232864379883,12.32392535504922,12.1450303034279,12.274232864379883,843660
2024-12-09,12.204662322998047,12.313988083084173,12.164907759645878,12.224540078585907,690073
2024-12-10,11.538772583007812,12.27423342083226,11.499018019975969,12.125153098595183,1177657
2024-12-11,11.628220558166504,11.638159435855892,11.47914118411988,11.489080061809268,858379
2024-12-12,12.075459480285645,12.313987802792814,11.667974978245216,11.966134670511527,892585
2024-12-13,11.200859069824219,12.065521511093023,11.04183987273151,11.906502314000313,3426525
2024-12-16,9.670306205749512,11.151165808361611,9.670306205749512,11.081594612325738,6265513
2024-12-17,9.958527565002441,10.077791248988737,9.68024468787758,9.690183565165647,2951753
2024-12-18,9.998282432556152,10.366012373065848,9.839263234547184,9.859140989732131,1410419
2024-12-19,9.560981750488281,9.630552001290338,9.277730360424385,9.362208928322703,4417839
2024-12-20,9.87901782989502,9.998282465753626,9.60073589114653,9.640490453824885,4093918
2024-12-23,10.137422561645508,10.286502876680935,9.888956317743297,9.93864975608844,930215
2024-12-24,10.097668647766113,10.231840655550995,9.98834383465819,10.197055530826816,299280
2024-12-27,10.117546081542969,10.187116328777432,9.99828239435952,10.117546081542969,356058
2024-12-30,9.888957023620605,10.08772984336615,9.779632209716448,9.968466151518824,727813
2024-12-31,9.799509048461914,9.888957054583367,9.759754484388331,9.799509048461914,276512
2025-01-02,9.87901782989502,9.87901782989502,9.640490453824885,9.690183894128715,510590
2025-01-03,9.888957023620605,9.908834779506945,9.76969333177328,9.819386773665558,297568
2025-01-06,9.938650131225586,10.117546136891178,9.879017813395876,10.077791574279217,385979
2025-01-07,10.067852973937988,10.137423223468993,9.958528160700185,9.988343846524392,502991
2025-01-08,9.650429725646973,9.988343996127742,9.600736283313287,9.87901823342892,1384200
2025-01-09,9.749815940856934,9.749815940856934,9.4417173778021,9.64049018566481,595616
2025-01-10,9.640490531921387,9.829325417040959,9.630551654215399,9.759754220922595,535994
2025-01-13,9.342330932617188,9.491411256286002,9.292638439217805,9.421840059444467,696679
2025-01-14,9.18331241607666,9.51128779180629,9.08392648429941,9.49141098458025,971460
2025-01-15,9.193251609802246,9.242945051311835,9.123681360382957,9.183312731935615,1327440
2025-01-16,9.322453498840332,9.590796546907873,9.262821183812271,9.590796546907873,672205
2025-01-17,9.203189849853516,9.392023777114787,9.183312095497858,9.382084899936958,532429
2025-01-20,9.014355659484863,9.257852481896329,9.014355659484863,9.213129426845997,564873
2025-01-21,9.203189849853516,9.387054338525871,9.13361865743221,9.203189849853516,723198
2025-01-22,9.193251609802246,9.342330986507452,9.143558168292657,9.183312731935615,1390761
2025-01-23,9.392024040222168,9.630551412231172,9.103803228755405,9.143557790756907,1113324
2025-01-24,9.392024040222168,9.506318287498543,9.332392671131677,9.342330600764411,811360
2025-01-28,9.044172286987305,9.044172286987305,8.765889392004862,9.0242945311356,2021621
2025-01-29,9.292637825012207,9.292637825012207,9.069017828201137,9.143557511196995,858137
2025-01-30,9.372147560119629,9.421840053487593,9.19325155095958,9.22306723654507,637300
2025-01-31,9.451656341552734,9.620613466736426,9.40196290217691,9.620613466736426,947897
2025-02-03,9.193251609802246,9.282699614954794,8.974601035854189,9.233006173445204,1061492
2025-02-04,9.252883911132812,9.362208723981846,9.143558150460219,9.362208723981846,626198
2025-02-05,9.203189849853516,9.362208093404796,9.143557534610038,9.342330339049138,538734
2025-02-06,9.362208366394043,9.446686929221878,9.292638119767659,9.342330611458777,924907
2025-02-07,9.312515258789062,9.461595582646396,9.312515258789062,9.332393014432796,394515
2025-02-10,9.441717147827148,9.491410585538304,9.267790589749845,9.332392343121395,1384517
2025-02-11,9.560981750488281,9.720000008220742,9.461595813317283,9.471533743557876,860221
2025-02-12,9.531166076660156,9.650429770116427,9.481472634097482,9.5907974494765,644138
2025-02-13,9.501350402832031,9.650429782893857,9.461595838293972,9.590797462174978,887693
2025-02-14,9.670306205749512,9.670306205749512,9.441717705724125,9.650429398184652,905510
2025-02-17,9.839262962341309,9.908834155740381,9.585828225509328,9.630551277791112,1813261
2025-02-18,10.813251495361328,11.339999688818157,10.296441231725542,11.002085431490686,4081559
2025-02-19,10.395828247070312,10.922576447344479,10.24674887176631,10.733742508771174,2103711
2025-02-20,9.938650131225586,10.415704882569116,9.938650131225586,10.395828075174904,1728704
2025-02-21,9.809447288513184,10.117545850915013,9.809447288513184,9.968465534466318,1229167
2025-02-24,9.719999313354492,9.968465560254929,9.511287628045185,9.819386191244073,1228845
2025-02-25,9.739999771118164,9.84000015258789,9.600000381469727,9.760000228881836,1010147
2025-02-26,9.619999885559082,9.739999771118164,9.579999923706055,9.720000267028809,1137390
2025-02-27,9.569999694824219,9.760000228881836,9.520000457763672,9.680000305175781,868833
2025-02-28,9.140000343322754,9.645000457763672,9.050000190734863,9.619999885559082,2492177
2025-03-03,9.260000228881836,9.350000381469727,9.15999984741211,9.199999809265137,556409
2025-03-04,8.600000381469727,9.25,8.600000381469727,9.220000267028809,2409103
2025-03-05,8.520000457763672,8.630000114440918,8.390000343322754,8.5,1092054
2025-03-06,8.470000267028809,8.600000381469727,8.300000190734863,8.529999732971191,1350189
2025-03-07,8.180000305175781,8.380000114440918,8.130000114440918,8.319999694824219,1173972
2025-03-10,8.130000114440918,8.220000267028809,8.039999961853027,8.210000038146973,526506
2025-03-11,7.340000152587891,7.960000038146973,7.239999771118164,7.929999828338623,3958355
2025-03-12,7.360000133514404,7.429999828338623,7.130000114440918,7.309999942779541,1642754
2025-03-13,7.260000228881836,7.809999942779541,7.260000228881836,7.5,781217
2025-03-14,7.369999885559082,7.409999847412109,7.119999885559082,7.119999885559082,747372
2025-03-17,7.210000038146973,7.429999828338623,7.190000057220459,7.429999828338623,807843
2025-03-18,7.28000020980835,7.360000133514404,7.184999942779541,7.300000190734863,1423285
2025-03-19,7.199999809265137,7.360000133514404,7.139999866485596,7.21999979019165,819766
2025-03-20,7.320000171661377,7.349999904632568,7.199999809265137,7.260000228881836,868552
2025-03-21,7.260000228881836,7.389999866485596,7.230000019073486,7.289999961853027,1724200
2025-03-24,7.230000019073486,7.275000095367432,7.139999866485596,7.230000019073486,799862
2025-03-25,6.960000038146973,7.230000019073486,6.880000114440918,7.210000038146973,3206488
2025-03-26,6.840000152587891,7.010000228881836,6.760000228881836,6.96999979019165,2557962
2025-03-27,6.670000076293945,6.804999828338623,6.53000020980835,6.800000190734863,1537468
2025-03-28,6.610000133514404,6.610000133514404,6.480000019073486,6.570000171661377,1212300
2025-03-31,6.230000019073486,6.539999961853027,6.230000019073486,6.409999847412109,1260833
2025-04-01,6.010000228881836,6.199999809265137,5.945000171661377,6.199999809265137,3457504
2025-04-02,6.110000133514404,6.119999885559082,5.824999809265137,5.960000038146973,2900456
2025-04-03,5.989999771118164,6.03000020980835,5.739999771118164,5.949999809265137,1943990
2025-04-04,5.329999923706055,5.78000020980835,5.300000190734863,5.690000057220459,3030277
2025-04-07,4.960000038146973,5.019999980926514,4.539999961853027,4.929999828338623,6254866
2025-04-08,4.78000020980835,5.139999866485596,4.679999828338623,5.099999904632568,3185965
2025-04-09,4.590000152587891,4.78000020980835,4.510000228881836,4.650000095367432,2852088
2025-04-10,4.940000057220459,5.269999980926514,4.820000171661377,5.119999885559082,3120468
2025-04-11,4.630000114440918,4.679999828338623,4.449999809265137,4.679999828338623,1605752
2025-04-14,4.75,4.849999904632568,4.550000190734863,4.619999885559082,1572534
2025-04-15,4.619999885559082,4.889999866485596,4.574999809265137,4.650000095367432,1824873
2025-04-16,4.53000020980835,4.630000114440918,4.514999866485596,4.559999942779541,2441891
2025-04-17,4.570000171661377,4.570000171661377,4.420000076293945,4.489999771118164,2123816
2025-04-22,4.409999847412109,4.510000228881836,4.340000152587891,4.510000228881836,1079392
2025-04-23,4.599999904632568,4.659999847412109,4.429999828338623,4.489999771118164,2208650
2025-04-24,4.670000076293945,4.699999809265137,4.53000020980835,4.579999923706055,1570076
